,,,,,
,Pessoas,Trilha,Progresso,,Satisfação
,Ana,,,0%,Sem avaliações
,Artur,DevOps,,0%,Sem avaliações
,Bernardo,DevOps,,0%,Sem avaliações
,Bryan,,,0%,Sem avaliações
,Bya,DevOps,,0%,Sem avaliações
,Carlos,Back-end,,0%,Sem avaliações
,Dandan,Back-end,,0%,Sem avaliações
,DaniProj,Front-end,,0%,Sem avaliações
,DanyTOps,Back-end,,0%,Sem avaliações
,Eduardo L.,DevOps,,90%,"4,8 ⭐"
,Eduardo M.,Back-end,,0%,Sem avaliações
,Fábio,DevOps,,0%,Sem avaliações
,Faby,Design,,50%,"4,5 ⭐"
,Felippe,Back-end,,0%,Sem avaliações
,Felype,Front-end,,0%,Sem avaliações
,Gabriel,Front-end,,0%,Sem avaliações
,GamaSul,,,0%,Sem avaliações
,Geovanna,Design,,8%,"5,0 ⭐"
,Giovani,Front-end,,0%,Sem avaliações
,Grazi,DevOps,,0%,Sem avaliações
,Gui,,,0%,Sem avaliações
,Gusta,Back-end,,0%,Sem avaliações
,Marquinhos,Front-end,,0%,Sem avaliações
,Julia Amanda,Design,,0%,Sem avaliações
,Laura Ester,Back-end,,0%,Sem avaliações
,Leles,Back-end,,0%,Sem avaliações
,Leonardo,Back-end,,0%,Sem avaliações
,Lessi,Front-end,,0%,Sem avaliações
,Letícia V.,Back-end,,0%,Sem avaliações
,Linus,DevOps,,0%,Sem avaliações
,Lorena,Design,,0%,Sem avaliações
,Lucas N.,Back-end,,25%,"4,6 ⭐"
,Lucas O.,Back-end,,0%,Sem avaliações
,Mariane,DevOps,,0%,Sem avaliações
,Mateus,Back-end,,0%,Sem avaliações
,Natan,Back-end,,0%,Sem avaliações
,Nelson,,,0%,Sem avaliações
,Paulo,DevOps,,0%,Sem avaliações
,Paulo Eduardo,DevOps,,0%,Sem avaliações
,Pedro,Front-end,,0%,Sem avaliações
,Rafael,Design,,0%,Sem avaliações
,Renan,Front-end,,0%,Sem avaliações
,Renato,Front-end,,0%,Sem avaliações
,Rodrigo,DevOps,,0%,Sem avaliações
,Thiago,Back-end,,0%,Sem avaliações
,Victor,Back-end,,0%,Sem avaliações
,Vini,,,0%,Sem avaliações
,Viny,DevOps,,0%,Sem avaliações
,Vítor,Back-end,,0%,Sem avaliações
,Yasmim,Front-end,,0%,Sem avaliações